{"recall":0.9959527909609083,"_step":4,"epoch":4,"f1 score":0.9966388361851874,"train_loss":0.013801271201541218,"precision":0.9973315866042399,"_timestamp":1.7469686923504157e+09,"_runtime":83.2329914,"val_acc":0.9986753371868978,"val_loss":0.00745076491661808,"_wandb":{"runtime":85},"train_acc":0.9971999759137713}