{"precision":0.9973315866042399,"val_acc":0.9986753371868978,"val_loss":0.00745076491661808,"train_loss":0.013801271201541218,"recall":0.9959527909609083,"_timestamp":1.7469688224883294e+09,"f1 score":0.9966388361851874,"epoch":4,"_wandb":{"runtime":70},"_step":4,"_runtime":67.5302468,"train_acc":0.9971999759137713}